-- phpMyAdmin SQL Dump
-- version 5.1.1
-- https://www.phpmyadmin.net/
--
-- Host: localhost:8889
-- Generation Time: Jul 07, 2022 at 12:30 PM
-- Server version: 5.7.34
-- PHP Version: 7.1.33

SET SQL_MODE = "NO_AUTO_VALUE_ON_ZERO";
START TRANSACTION;
SET time_zone = "+00:00";


/*!40101 SET @OLD_CHARACTER_SET_CLIENT=@@CHARACTER_SET_CLIENT */;
/*!40101 SET @OLD_CHARACTER_SET_RESULTS=@@CHARACTER_SET_RESULTS */;
/*!40101 SET @OLD_COLLATION_CONNECTION=@@COLLATION_CONNECTION */;
/*!40101 SET NAMES utf8mb4 */;

--
-- Database: `si_sinus`
--

-- --------------------------------------------------------

--
-- Table structure for table `basis_pengetahuan`
--

CREATE TABLE `basis_pengetahuan` (
  `id_basis_pengetahuan` int(11) NOT NULL,
  `id_penyakit` int(11) NOT NULL,
  `id_gejala` int(11) NOT NULL,
  `cf_pakar_basis_pengetahuan` double NOT NULL
) ENGINE=InnoDB DEFAULT CHARSET=utf8;

--
-- Dumping data for table `basis_pengetahuan`
--

INSERT INTO `basis_pengetahuan` (`id_basis_pengetahuan`, `id_penyakit`, `id_gejala`, `cf_pakar_basis_pengetahuan`) VALUES
(1, 1, 1, 0.2),
(2, 2, 1, 0.2),
(3, 3, 1, 0.2),
(4, 4, 1, 0.2),
(5, 1, 2, 0.2),
(6, 2, 2, 0.2),
(7, 3, 2, 0.2),
(8, 4, 2, 0.2),
(9, 1, 3, 0.4),
(10, 2, 3, 0.4),
(11, 3, 3, 0.4),
(12, 4, 3, 0.4),
(13, 1, 4, 0.4),
(14, 2, 4, 0.4),
(15, 3, 4, 0.4),
(16, 4, 4, 0.4),
(17, 1, 5, 0.4),
(18, 2, 5, 0.4),
(19, 3, 5, 0.4),
(20, 4, 5, 0.4),
(21, 3, 6, 0.6),
(22, 4, 6, 0.6),
(23, 3, 7, 0.6),
(24, 1, 8, 0.6),
(25, 2, 9, 0.4),
(26, 1, 10, 0.4),
(27, 2, 10, 0.4),
(28, 3, 10, 0.4),
(29, 4, 10, 0.4),
(30, 1, 11, 0.4),
(31, 2, 11, 0.4),
(32, 3, 11, 0.4),
(33, 4, 11, 0.4),
(34, 1, 12, 0.8),
(35, 2, 12, 0.8),
(36, 3, 12, 0.8),
(37, 4, 12, 0.8),
(38, 1, 13, 0.4),
(39, 3, 13, 0.4),
(40, 4, 13, 0.4),
(41, 1, 14, 0.6),
(42, 3, 14, 0.6),
(43, 4, 14, 0.6),
(44, 4, 15, 0.6);

-- --------------------------------------------------------

--
-- Table structure for table `gejala`
--

CREATE TABLE `gejala` (
  `id_gejala` int(11) NOT NULL,
  `kode_gejala` varchar(5) NOT NULL,
  `nama_gejala` varchar(50) NOT NULL,
  `cf_pakar` double NOT NULL,
  `inisial_gejala` varchar(5) NOT NULL
) ENGINE=InnoDB DEFAULT CHARSET=utf8;

--
-- Dumping data for table `gejala`
--

INSERT INTO `gejala` (`id_gejala`, `kode_gejala`, `nama_gejala`, `cf_pakar`, `inisial_gejala`) VALUES
(1, 'G1', 'Demam', 0.2, ''),
(2, 'G2', 'Hidung Tersumbat', 0.2, ''),
(3, 'G3', 'Sulit Bernapas Lewat Hidung', 0.4, ''),
(4, 'G4', 'Area Sekitar Mata Bengkak', 0.4, ''),
(5, 'G5', 'Lendir Kental Di Hidung', 0.4, ''),
(6, 'G6', 'Nyeri Di Mata', 0.6, ''),
(7, 'G7', 'Nyeri Di Pipi', 0.6, ''),
(8, 'G8', 'Nyeri Di Hidung', 0.6, ''),
(9, 'G9', 'Nyeri Di Dahi', 0.4, ''),
(10, 'G10', 'Berkurang Indra Perasa', 0.4, ''),
(11, 'G11', 'Berkurang Indra Penciuman', 0.4, ''),
(12, 'G12', 'Hidung Berbau Busuk', 0.8, ''),
(13, 'G13', 'Nyeri Gigi', 0.4, ''),
(14, 'G14', 'Nyeri Rahang Bagian Atas', 0.6, ''),
(15, 'G15', 'Nyeri Bagian Telinga', 0.6, '');

-- --------------------------------------------------------

--
-- Table structure for table `gejala_pasien`
--

CREATE TABLE `gejala_pasien` (
  `id_gejala_pasien` int(11) NOT NULL,
  `id_pasien` int(11) NOT NULL,
  `id_gejala` int(11) NOT NULL,
  `id_penyakit` int(11) NOT NULL,
  `cf_pakar` double NOT NULL,
  `cf_user` double NOT NULL,
  `cf_gejala` double NOT NULL
) ENGINE=InnoDB DEFAULT CHARSET=utf8;

--
-- Dumping data for table `gejala_pasien`
--

INSERT INTO `gejala_pasien` (`id_gejala_pasien`, `id_pasien`, `id_gejala`, `id_penyakit`, `cf_pakar`, `cf_user`, `cf_gejala`) VALUES
(7985, 60, 1, 1, 0.2, 1, 0.2),
(7986, 60, 1, 2, 0.2, 1, 0.2),
(7987, 60, 1, 3, 0.2, 1, 0.2),
(7988, 60, 1, 4, 0.2, 1, 0.2),
(7989, 60, 5, 1, 0.4, 1, 0.4),
(7990, 60, 5, 2, 0.4, 1, 0.4),
(7991, 60, 5, 3, 0.4, 1, 0.4),
(7992, 60, 5, 4, 0.4, 1, 0.4),
(7993, 60, 6, 3, 0.6, 0.6, 0.36),
(7994, 60, 6, 4, 0.6, 0.6, 0.36),
(7995, 60, 9, 2, 0.4, 0.8, 0.32),
(7996, 60, 10, 1, 0.4, 0.6, 0.24),
(7997, 60, 10, 2, 0.4, 0.6, 0.24),
(7998, 60, 10, 3, 0.4, 0.6, 0.24),
(7999, 60, 10, 4, 0.4, 0.6, 0.24),
(8000, 60, 12, 1, 0.8, 0.8, 0.64),
(8001, 60, 12, 2, 0.8, 0.8, 0.64),
(8002, 60, 12, 3, 0.8, 0.8, 0.64),
(8003, 60, 12, 4, 0.8, 0.8, 0.64),
(8004, 61, 1, 1, 0.2, 1, 0.2),
(8005, 61, 1, 2, 0.2, 1, 0.2),
(8006, 61, 1, 3, 0.2, 1, 0.2),
(8007, 61, 1, 4, 0.2, 1, 0.2),
(8008, 61, 2, 1, 0.2, 0.8, 0.16),
(8009, 61, 2, 2, 0.2, 0.8, 0.16),
(8010, 61, 2, 3, 0.2, 0.8, 0.16),
(8011, 61, 2, 4, 0.2, 0.8, 0.16),
(8012, 61, 5, 1, 0.4, 0.8, 0.32),
(8013, 61, 5, 2, 0.4, 0.8, 0.32),
(8014, 61, 5, 3, 0.4, 0.8, 0.32),
(8015, 61, 5, 4, 0.4, 0.8, 0.32),
(8016, 61, 13, 1, 0.4, 0.8, 0.32),
(8017, 61, 13, 3, 0.4, 0.8, 0.32),
(8018, 61, 13, 4, 0.4, 0.8, 0.32),
(8019, 61, 15, 4, 0.6, 0.4, 0.24),
(8020, 62, 2, 1, 0.2, 1, 0.2),
(8021, 62, 2, 2, 0.2, 1, 0.2),
(8022, 62, 2, 3, 0.2, 1, 0.2),
(8023, 62, 2, 4, 0.2, 1, 0.2),
(8024, 62, 3, 1, 0.4, 0.8, 0.32),
(8025, 62, 3, 2, 0.4, 0.8, 0.32),
(8026, 62, 3, 3, 0.4, 0.8, 0.32),
(8027, 62, 3, 4, 0.4, 0.8, 0.32),
(8028, 62, 5, 1, 0.4, 1, 0.4),
(8029, 62, 5, 2, 0.4, 1, 0.4),
(8030, 62, 5, 3, 0.4, 1, 0.4),
(8031, 62, 5, 4, 0.4, 1, 0.4),
(8032, 62, 7, 3, 0.6, 0.6, 0.36),
(8088, 63, 4, 1, 0.4, 0.6, 0.24),
(8089, 63, 4, 2, 0.4, 0.6, 0.24),
(8090, 63, 4, 3, 0.4, 0.6, 0.24),
(8091, 63, 4, 4, 0.4, 0.6, 0.24),
(8092, 63, 5, 1, 0.4, 1, 0.4),
(8093, 63, 5, 2, 0.4, 1, 0.4),
(8094, 63, 5, 3, 0.4, 1, 0.4),
(8095, 63, 5, 4, 0.4, 1, 0.4),
(8096, 63, 6, 3, 0.6, 0.6, 0.36),
(8097, 63, 6, 4, 0.6, 0.6, 0.36),
(8098, 63, 9, 2, 0.4, 0.8, 0.32),
(8099, 64, 1, 1, 0.2, 0.6, 0.12),
(8100, 64, 1, 2, 0.2, 0.6, 0.12),
(8101, 64, 1, 3, 0.2, 0.6, 0.12),
(8102, 64, 1, 4, 0.2, 0.6, 0.12),
(8103, 64, 2, 1, 0.2, 0.8, 0.16),
(8104, 64, 2, 2, 0.2, 0.8, 0.16),
(8105, 64, 2, 3, 0.2, 0.8, 0.16),
(8106, 64, 2, 4, 0.2, 0.8, 0.16),
(8107, 64, 5, 1, 0.4, 1, 0.4),
(8108, 64, 5, 2, 0.4, 1, 0.4),
(8109, 64, 5, 3, 0.4, 1, 0.4),
(8110, 64, 5, 4, 0.4, 1, 0.4),
(8111, 64, 8, 1, 0.6, 0.8, 0.48),
(8112, 64, 11, 1, 0.4, 0.8, 0.32),
(8113, 64, 11, 2, 0.4, 0.8, 0.32),
(8114, 64, 11, 3, 0.4, 0.8, 0.32),
(8115, 64, 11, 4, 0.4, 0.8, 0.32),
(8116, 65, 1, 1, 0.2, 1, 0.2),
(8117, 65, 1, 2, 0.2, 1, 0.2),
(8118, 65, 1, 3, 0.2, 1, 0.2),
(8119, 65, 1, 4, 0.2, 1, 0.2),
(8120, 65, 3, 1, 0.4, 0.6, 0.24),
(8121, 65, 3, 2, 0.4, 0.6, 0.24),
(8122, 65, 3, 3, 0.4, 0.6, 0.24),
(8123, 65, 3, 4, 0.4, 0.6, 0.24),
(8124, 65, 5, 1, 0.4, 1, 0.4),
(8125, 65, 5, 2, 0.4, 1, 0.4),
(8126, 65, 5, 3, 0.4, 1, 0.4),
(8127, 65, 5, 4, 0.4, 1, 0.4),
(8128, 65, 12, 1, 0.8, 0.8, 0.64),
(8129, 65, 12, 2, 0.8, 0.8, 0.64),
(8130, 65, 12, 3, 0.8, 0.8, 0.64),
(8131, 65, 12, 4, 0.8, 0.8, 0.64),
(8132, 65, 15, 4, 0.6, 0.8, 0.48),
(8133, 66, 1, 1, 0.2, 1, 0.2),
(8134, 66, 1, 2, 0.2, 1, 0.2),
(8135, 66, 1, 3, 0.2, 1, 0.2),
(8136, 66, 1, 4, 0.2, 1, 0.2),
(8137, 66, 5, 1, 0.4, 0.6, 0.24),
(8138, 66, 5, 2, 0.4, 0.6, 0.24),
(8139, 66, 5, 3, 0.4, 0.6, 0.24),
(8140, 66, 5, 4, 0.4, 0.6, 0.24),
(8141, 66, 7, 3, 0.6, 0.8, 0.48),
(8142, 66, 10, 1, 0.4, 0.8, 0.32),
(8143, 66, 10, 2, 0.4, 0.8, 0.32),
(8144, 66, 10, 3, 0.4, 0.8, 0.32),
(8145, 66, 10, 4, 0.4, 0.8, 0.32),
(8146, 66, 12, 1, 0.8, 0.8, 0.64),
(8147, 66, 12, 2, 0.8, 0.8, 0.64),
(8148, 66, 12, 3, 0.8, 0.8, 0.64),
(8149, 66, 12, 4, 0.8, 0.8, 0.64),
(8150, 66, 15, 4, 0.6, 0.6, 0.36),
(8151, 67, 1, 1, 0.2, 1, 0.2),
(8152, 67, 1, 2, 0.2, 1, 0.2),
(8153, 67, 1, 3, 0.2, 1, 0.2),
(8154, 67, 1, 4, 0.2, 1, 0.2),
(8155, 67, 5, 1, 0.4, 1, 0.4),
(8156, 67, 5, 2, 0.4, 1, 0.4),
(8157, 67, 5, 3, 0.4, 1, 0.4),
(8158, 67, 5, 4, 0.4, 1, 0.4),
(8159, 67, 6, 3, 0.6, 0.6, 0.36),
(8160, 67, 6, 4, 0.6, 0.6, 0.36),
(8161, 67, 9, 2, 0.4, 0.8, 0.32),
(8162, 67, 10, 1, 0.4, 0.6, 0.24),
(8163, 67, 10, 2, 0.4, 0.6, 0.24),
(8164, 67, 10, 3, 0.4, 0.6, 0.24),
(8165, 67, 10, 4, 0.4, 0.6, 0.24),
(8166, 67, 12, 1, 0.8, 0.8, 0.64),
(8167, 67, 12, 2, 0.8, 0.8, 0.64),
(8168, 67, 12, 3, 0.8, 0.8, 0.64),
(8169, 67, 12, 4, 0.8, 0.8, 0.64),
(8170, 68, 2, 1, 0.2, 1, 0.2),
(8171, 68, 2, 2, 0.2, 1, 0.2),
(8172, 68, 2, 3, 0.2, 1, 0.2),
(8173, 68, 2, 4, 0.2, 1, 0.2),
(8174, 68, 3, 1, 0.4, 0.8, 0.32),
(8175, 68, 3, 2, 0.4, 0.8, 0.32),
(8176, 68, 3, 3, 0.4, 0.8, 0.32),
(8177, 68, 3, 4, 0.4, 0.8, 0.32),
(8178, 68, 5, 1, 0.4, 1, 0.4),
(8179, 68, 5, 2, 0.4, 1, 0.4),
(8180, 68, 5, 3, 0.4, 1, 0.4),
(8181, 68, 5, 4, 0.4, 1, 0.4),
(8182, 68, 7, 3, 0.6, 0.6, 0.36),
(8183, 69, 1, 1, 0.2, 1, 0.2),
(8184, 69, 1, 2, 0.2, 1, 0.2),
(8185, 69, 1, 3, 0.2, 1, 0.2),
(8186, 69, 1, 4, 0.2, 1, 0.2),
(8187, 69, 3, 1, 0.4, 0.6, 0.24),
(8188, 69, 3, 2, 0.4, 0.6, 0.24),
(8189, 69, 3, 3, 0.4, 0.6, 0.24),
(8190, 69, 3, 4, 0.4, 0.6, 0.24),
(8191, 69, 5, 1, 0.4, 0.8, 0.32),
(8192, 69, 5, 2, 0.4, 0.8, 0.32),
(8193, 69, 5, 3, 0.4, 0.8, 0.32),
(8194, 69, 5, 4, 0.4, 0.8, 0.32),
(8195, 69, 7, 3, 0.6, 0.8, 0.48),
(8196, 69, 10, 1, 0.4, 0.6, 0.24),
(8197, 69, 10, 2, 0.4, 0.6, 0.24),
(8198, 69, 10, 3, 0.4, 0.6, 0.24),
(8199, 69, 10, 4, 0.4, 0.6, 0.24),
(8200, 69, 11, 1, 0.4, 0.8, 0.32),
(8201, 69, 11, 2, 0.4, 0.8, 0.32),
(8202, 69, 11, 3, 0.4, 0.8, 0.32),
(8203, 69, 11, 4, 0.4, 0.8, 0.32),
(8204, 69, 15, 4, 0.6, 1, 0.6),
(8373, 70, 1, 1, 0.2, 0.8, 0.16),
(8374, 70, 1, 2, 0.2, 0.8, 0.16),
(8375, 70, 1, 3, 0.2, 0.8, 0.16),
(8376, 70, 1, 4, 0.2, 0.8, 0.16),
(8377, 70, 2, 1, 0.2, 0.8, 0.16),
(8378, 70, 2, 2, 0.2, 0.8, 0.16),
(8379, 70, 2, 3, 0.2, 0.8, 0.16),
(8380, 70, 2, 4, 0.2, 0.8, 0.16),
(8381, 70, 4, 1, 0.4, 0.8, 0.32),
(8382, 70, 4, 2, 0.4, 0.8, 0.32),
(8383, 70, 4, 3, 0.4, 0.8, 0.32),
(8384, 70, 4, 4, 0.4, 0.8, 0.32),
(8385, 70, 5, 1, 0.4, 1, 0.4),
(8386, 70, 5, 2, 0.4, 1, 0.4),
(8387, 70, 5, 3, 0.4, 1, 0.4),
(8388, 70, 5, 4, 0.4, 1, 0.4),
(8389, 70, 11, 1, 0.4, 0.8, 0.32),
(8390, 70, 11, 2, 0.4, 0.8, 0.32),
(8391, 70, 11, 3, 0.4, 0.8, 0.32),
(8392, 70, 11, 4, 0.4, 0.8, 0.32),
(8393, 70, 12, 1, 0.8, 1, 0.8),
(8394, 70, 12, 2, 0.8, 1, 0.8),
(8395, 70, 12, 3, 0.8, 1, 0.8),
(8396, 70, 12, 4, 0.8, 1, 0.8),
(8397, 71, 1, 1, 0.2, 1, 0.2),
(8398, 71, 1, 2, 0.2, 1, 0.2),
(8399, 71, 1, 3, 0.2, 1, 0.2),
(8400, 71, 1, 4, 0.2, 1, 0.2),
(8401, 71, 2, 1, 0.2, 0.6, 0.12),
(8402, 71, 2, 2, 0.2, 0.6, 0.12),
(8403, 71, 2, 3, 0.2, 0.6, 0.12),
(8404, 71, 2, 4, 0.2, 0.6, 0.12),
(8405, 71, 4, 1, 0.4, 1, 0.4),
(8406, 71, 4, 2, 0.4, 1, 0.4),
(8407, 71, 4, 3, 0.4, 1, 0.4),
(8408, 71, 4, 4, 0.4, 1, 0.4),
(8409, 71, 5, 1, 0.4, 0.8, 0.32),
(8410, 71, 5, 2, 0.4, 0.8, 0.32),
(8411, 71, 5, 3, 0.4, 0.8, 0.32),
(8412, 71, 5, 4, 0.4, 0.8, 0.32),
(8413, 71, 9, 2, 0.4, 0.6, 0.24),
(8414, 71, 15, 4, 0.6, 1, 0.6),
(8492, 72, 4, 1, 0.4, 0.6, 0.24),
(8493, 72, 4, 2, 0.4, 0.6, 0.24),
(8494, 72, 4, 3, 0.4, 0.6, 0.24),
(8495, 72, 4, 4, 0.4, 0.6, 0.24),
(8496, 72, 5, 1, 0.4, 1, 0.4),
(8497, 72, 5, 2, 0.4, 1, 0.4),
(8498, 72, 5, 3, 0.4, 1, 0.4),
(8499, 72, 5, 4, 0.4, 1, 0.4),
(8500, 72, 6, 3, 0.6, 0.6, 0.36),
(8501, 72, 6, 4, 0.6, 0.6, 0.36),
(8502, 72, 9, 2, 0.4, 0.8, 0.32),
(9491, 73, 2, 1, 0.2, 1, 0.2),
(9492, 73, 2, 2, 0.2, 1, 0.2),
(9493, 73, 2, 3, 0.2, 1, 0.2),
(9494, 73, 2, 4, 0.2, 1, 0.2),
(9495, 73, 3, 1, 0.4, 0.8, 0.32),
(9496, 73, 3, 2, 0.4, 0.8, 0.32),
(9497, 73, 3, 3, 0.4, 0.8, 0.32),
(9498, 73, 3, 4, 0.4, 0.8, 0.32),
(9499, 73, 5, 1, 0.4, 1, 0.4),
(9500, 73, 5, 2, 0.4, 1, 0.4),
(9501, 73, 5, 3, 0.4, 1, 0.4),
(9502, 73, 5, 4, 0.4, 1, 0.4),
(9503, 73, 7, 3, 0.6, 0.6, 0.36),
(9779, 74, 4, 1, 0.4, 0.6, 0.24),
(9780, 74, 4, 2, 0.4, 0.6, 0.24),
(9781, 74, 4, 3, 0.4, 0.6, 0.24),
(9782, 74, 4, 4, 0.4, 0.6, 0.24),
(9783, 74, 5, 1, 0.4, 1, 0.4),
(9784, 74, 5, 2, 0.4, 1, 0.4),
(9785, 74, 5, 3, 0.4, 1, 0.4),
(9786, 74, 5, 4, 0.4, 1, 0.4),
(9787, 74, 6, 3, 0.6, 0.6, 0.36),
(9788, 74, 6, 4, 0.6, 0.6, 0.36),
(9789, 74, 9, 2, 0.4, 0.8, 0.32),
(9790, 75, 2, 1, 0.2, 1, 0.2),
(9791, 75, 2, 2, 0.2, 1, 0.2),
(9792, 75, 2, 3, 0.2, 1, 0.2),
(9793, 75, 2, 4, 0.2, 1, 0.2),
(9794, 75, 3, 1, 0.4, 0.8, 0.32),
(9795, 75, 3, 2, 0.4, 0.8, 0.32),
(9796, 75, 3, 3, 0.4, 0.8, 0.32),
(9797, 75, 3, 4, 0.4, 0.8, 0.32),
(9798, 75, 5, 1, 0.4, 1, 0.4),
(9799, 75, 5, 2, 0.4, 1, 0.4),
(9800, 75, 5, 3, 0.4, 1, 0.4),
(9801, 75, 5, 4, 0.4, 1, 0.4),
(9802, 75, 7, 3, 0.6, 0.8, 0.48),
(9803, 76, 2, 1, 0.2, 1, 0.2),
(9804, 76, 2, 2, 0.2, 1, 0.2),
(9805, 76, 2, 3, 0.2, 1, 0.2),
(9806, 76, 2, 4, 0.2, 1, 0.2),
(9807, 76, 3, 1, 0.4, 0.8, 0.32),
(9808, 76, 3, 2, 0.4, 0.8, 0.32),
(9809, 76, 3, 3, 0.4, 0.8, 0.32),
(9810, 76, 3, 4, 0.4, 0.8, 0.32),
(9811, 76, 5, 1, 0.4, 1, 0.4),
(9812, 76, 5, 2, 0.4, 1, 0.4),
(9813, 76, 5, 3, 0.4, 1, 0.4),
(9814, 76, 5, 4, 0.4, 1, 0.4),
(9815, 76, 7, 3, 0.6, 0.6, 0.36),
(9816, 77, 1, 1, 0.2, 0.6, 0.12),
(9817, 77, 1, 2, 0.2, 0.6, 0.12),
(9818, 77, 1, 3, 0.2, 0.6, 0.12),
(9819, 77, 1, 4, 0.2, 0.6, 0.12),
(9820, 77, 2, 1, 0.2, 0.8, 0.16),
(9821, 77, 2, 2, 0.2, 0.8, 0.16),
(9822, 77, 2, 3, 0.2, 0.8, 0.16),
(9823, 77, 2, 4, 0.2, 0.8, 0.16),
(9824, 77, 5, 1, 0.4, 1, 0.4),
(9825, 77, 5, 2, 0.4, 1, 0.4),
(9826, 77, 5, 3, 0.4, 1, 0.4),
(9827, 77, 5, 4, 0.4, 1, 0.4),
(9828, 77, 8, 1, 0.6, 0.8, 0.48),
(9829, 77, 11, 1, 0.4, 0.8, 0.32),
(9830, 77, 11, 2, 0.4, 0.8, 0.32),
(9831, 77, 11, 3, 0.4, 0.8, 0.32),
(9832, 77, 11, 4, 0.4, 0.8, 0.32),
(9833, 78, 1, 1, 0.2, 1, 0.2),
(9834, 78, 1, 2, 0.2, 1, 0.2),
(9835, 78, 1, 3, 0.2, 1, 0.2),
(9836, 78, 1, 4, 0.2, 1, 0.2),
(9837, 78, 2, 1, 0.2, 0.8, 0.16),
(9838, 78, 2, 2, 0.2, 0.8, 0.16),
(9839, 78, 2, 3, 0.2, 0.8, 0.16),
(9840, 78, 2, 4, 0.2, 0.8, 0.16),
(9841, 78, 5, 1, 0.4, 0.8, 0.32),
(9842, 78, 5, 2, 0.4, 0.8, 0.32),
(9843, 78, 5, 3, 0.4, 0.8, 0.32),
(9844, 78, 5, 4, 0.4, 0.8, 0.32),
(9845, 78, 13, 1, 0.4, 0.8, 0.32),
(9846, 78, 13, 3, 0.4, 0.8, 0.32),
(9847, 78, 13, 4, 0.4, 0.8, 0.32),
(9848, 78, 15, 4, 0.6, 0.4, 0.24),
(9849, 79, 1, 1, 0.2, 1, 0.2),
(9850, 79, 1, 2, 0.2, 1, 0.2),
(9851, 79, 1, 3, 0.2, 1, 0.2),
(9852, 79, 1, 4, 0.2, 1, 0.2),
(9853, 79, 5, 1, 0.4, 1, 0.4),
(9854, 79, 5, 2, 0.4, 1, 0.4),
(9855, 79, 5, 3, 0.4, 1, 0.4),
(9856, 79, 5, 4, 0.4, 1, 0.4),
(9857, 79, 6, 3, 0.6, 0.6, 0.36),
(9858, 79, 6, 4, 0.6, 0.6, 0.36),
(9859, 79, 9, 2, 0.4, 0.8, 0.32),
(9860, 79, 10, 1, 0.4, 0.6, 0.24),
(9861, 79, 10, 2, 0.4, 0.6, 0.24),
(9862, 79, 10, 3, 0.4, 0.6, 0.24),
(9863, 79, 10, 4, 0.4, 0.6, 0.24),
(9864, 79, 12, 1, 0.8, 0.8, 0.64),
(9865, 79, 12, 2, 0.8, 0.8, 0.64),
(9866, 79, 12, 3, 0.8, 0.8, 0.64),
(9867, 79, 12, 4, 0.8, 0.8, 0.64),
(9868, 80, 1, 1, 0.2, 1, 0.2),
(9869, 80, 1, 2, 0.2, 1, 0.2),
(9870, 80, 1, 3, 0.2, 1, 0.2),
(9871, 80, 1, 4, 0.2, 1, 0.2),
(9872, 80, 4, 1, 0.4, 0.8, 0.32),
(9873, 80, 4, 2, 0.4, 0.8, 0.32),
(9874, 80, 4, 3, 0.4, 0.8, 0.32),
(9875, 80, 4, 4, 0.4, 0.8, 0.32),
(9876, 80, 5, 1, 0.4, 1, 0.4),
(9877, 80, 5, 2, 0.4, 1, 0.4),
(9878, 80, 5, 3, 0.4, 1, 0.4),
(9879, 80, 5, 4, 0.4, 1, 0.4),
(9880, 80, 9, 2, 0.4, 0.4, 0.16),
(9881, 80, 11, 1, 0.4, 1, 0.4),
(9882, 80, 11, 2, 0.4, 1, 0.4),
(9883, 80, 11, 3, 0.4, 1, 0.4),
(9884, 80, 11, 4, 0.4, 1, 0.4),
(9885, 81, 1, 1, 0.2, 0.6, 0.12),
(9886, 81, 1, 2, 0.2, 0.6, 0.12),
(9887, 81, 1, 3, 0.2, 0.6, 0.12),
(9888, 81, 1, 4, 0.2, 0.6, 0.12),
(9889, 81, 2, 1, 0.2, 0.8, 0.16),
(9890, 81, 2, 2, 0.2, 0.8, 0.16),
(9891, 81, 2, 3, 0.2, 0.8, 0.16),
(9892, 81, 2, 4, 0.2, 0.8, 0.16),
(9893, 81, 3, 1, 0.4, 1, 0.4),
(9894, 81, 3, 2, 0.4, 1, 0.4),
(9895, 81, 3, 3, 0.4, 1, 0.4),
(9896, 81, 3, 4, 0.4, 1, 0.4),
(9897, 81, 5, 1, 0.4, 0.6, 0.24),
(9898, 81, 5, 2, 0.4, 0.6, 0.24),
(9899, 81, 5, 3, 0.4, 0.6, 0.24),
(9900, 81, 5, 4, 0.4, 0.6, 0.24),
(9901, 81, 7, 3, 0.6, 0.8, 0.48),
(9902, 81, 11, 1, 0.4, 0.8, 0.32),
(9903, 81, 11, 2, 0.4, 0.8, 0.32),
(9904, 81, 11, 3, 0.4, 0.8, 0.32),
(9905, 81, 11, 4, 0.4, 0.8, 0.32),
(9906, 81, 15, 4, 0.6, 1, 0.6),
(9957, 85, 1, 1, 0.2, 0.8, 0.16),
(9958, 85, 1, 2, 0.2, 0.8, 0.16),
(9959, 85, 1, 3, 0.2, 0.8, 0.16),
(9960, 85, 1, 4, 0.2, 0.8, 0.16),
(9961, 85, 3, 1, 0.4, 0.8, 0.32),
(9962, 85, 3, 2, 0.4, 0.8, 0.32),
(9963, 85, 3, 3, 0.4, 0.8, 0.32),
(9964, 85, 3, 4, 0.4, 0.8, 0.32),
(9965, 85, 6, 3, 0.6, 0.2, 0.12),
(9966, 85, 6, 4, 0.6, 0.2, 0.12),
(10017, 86, 1, 1, 0.2, 0.6, 0.12),
(10018, 86, 1, 2, 0.2, 0.6, 0.12),
(10019, 86, 1, 3, 0.2, 0.6, 0.12),
(10020, 86, 1, 4, 0.2, 0.6, 0.12),
(10021, 86, 3, 1, 0.4, 0.6, 0.24),
(10022, 86, 3, 2, 0.4, 0.6, 0.24),
(10023, 86, 3, 3, 0.4, 0.6, 0.24),
(10024, 86, 3, 4, 0.4, 0.6, 0.24),
(10025, 86, 6, 3, 0.6, 0.8, 0.48),
(10026, 86, 6, 4, 0.6, 0.8, 0.48),
(10045, 87, 1, 1, 0.2, 1, 0.2),
(10046, 87, 1, 2, 0.2, 1, 0.2),
(10047, 87, 1, 3, 0.2, 1, 0.2),
(10048, 87, 1, 4, 0.2, 1, 0.2),
(10049, 87, 5, 1, 0.4, 0.6, 0.24),
(10050, 87, 5, 2, 0.4, 0.6, 0.24),
(10051, 87, 5, 3, 0.4, 0.6, 0.24),
(10052, 87, 5, 4, 0.4, 0.6, 0.24),
(10053, 87, 7, 3, 0.6, 0.8, 0.48),
(10054, 87, 10, 1, 0.4, 0.8, 0.32),
(10055, 87, 10, 2, 0.4, 0.8, 0.32),
(10056, 87, 10, 3, 0.4, 0.8, 0.32),
(10057, 87, 10, 4, 0.4, 0.8, 0.32),
(10058, 87, 12, 1, 0.8, 0.8, 0.64),
(10059, 87, 12, 2, 0.8, 0.8, 0.64),
(10060, 87, 12, 3, 0.8, 0.8, 0.64),
(10061, 87, 12, 4, 0.8, 0.8, 0.64),
(10062, 87, 15, 4, 0.6, 0.6, 0.36),
(10083, 88, 1, 1, 0.2, 0.8, 0.16),
(10084, 88, 1, 2, 0.2, 0.8, 0.16),
(10085, 88, 1, 3, 0.2, 0.8, 0.16),
(10086, 88, 1, 4, 0.2, 0.8, 0.16),
(10087, 88, 3, 1, 0.4, 0.4, 0.16),
(10088, 88, 3, 2, 0.4, 0.4, 0.16),
(10089, 88, 3, 3, 0.4, 0.4, 0.16),
(10090, 88, 3, 4, 0.4, 0.4, 0.16),
(10091, 88, 6, 3, 0.6, 0.6, 0.36),
(10092, 88, 6, 4, 0.6, 0.6, 0.36),
(10129, 89, 1, 1, 0.2, 1, 0.2),
(10130, 89, 1, 2, 0.2, 1, 0.2),
(10131, 89, 1, 3, 0.2, 1, 0.2),
(10132, 89, 1, 4, 0.2, 1, 0.2),
(10133, 89, 5, 1, 0.4, 0.6, 0.24),
(10134, 89, 5, 2, 0.4, 0.6, 0.24),
(10135, 89, 5, 3, 0.4, 0.6, 0.24),
(10136, 89, 5, 4, 0.4, 0.6, 0.24),
(10137, 89, 7, 3, 0.6, 0.8, 0.48),
(10138, 89, 10, 1, 0.4, 0.8, 0.32),
(10139, 89, 10, 2, 0.4, 0.8, 0.32),
(10140, 89, 10, 3, 0.4, 0.8, 0.32),
(10141, 89, 10, 4, 0.4, 0.8, 0.32),
(10142, 89, 12, 1, 0.8, 0.8, 0.64),
(10143, 89, 12, 2, 0.8, 0.8, 0.64),
(10144, 89, 12, 3, 0.8, 0.8, 0.64),
(10145, 89, 12, 4, 0.8, 0.8, 0.64),
(10146, 89, 15, 4, 0.6, 0.6, 0.36),
(10147, 90, 2, 1, 0.2, 1, 0.2),
(10148, 90, 2, 2, 0.2, 1, 0.2),
(10149, 90, 2, 3, 0.2, 1, 0.2),
(10150, 90, 2, 4, 0.2, 1, 0.2),
(10151, 90, 3, 1, 0.4, 0.8, 0.32),
(10152, 90, 3, 2, 0.4, 0.8, 0.32),
(10153, 90, 3, 3, 0.4, 0.8, 0.32),
(10154, 90, 3, 4, 0.4, 0.8, 0.32),
(10155, 90, 5, 1, 0.4, 1, 0.4),
(10156, 90, 5, 2, 0.4, 1, 0.4),
(10157, 90, 5, 3, 0.4, 1, 0.4),
(10158, 90, 5, 4, 0.4, 1, 0.4),
(10159, 90, 7, 3, 0.6, 0.6, 0.36),
(10160, 91, 1, 1, 0.2, 0.6, 0.12),
(10161, 91, 1, 2, 0.2, 0.6, 0.12),
(10162, 91, 1, 3, 0.2, 0.6, 0.12),
(10163, 91, 1, 4, 0.2, 0.6, 0.12),
(10164, 91, 2, 1, 0.2, 0.8, 0.16),
(10165, 91, 2, 2, 0.2, 0.8, 0.16),
(10166, 91, 2, 3, 0.2, 0.8, 0.16),
(10167, 91, 2, 4, 0.2, 0.8, 0.16),
(10168, 91, 5, 1, 0.4, 1, 0.4),
(10169, 91, 5, 2, 0.4, 1, 0.4),
(10170, 91, 5, 3, 0.4, 1, 0.4),
(10171, 91, 5, 4, 0.4, 1, 0.4),
(10172, 91, 8, 1, 0.6, 0.8, 0.48),
(10173, 91, 11, 1, 0.4, 0.8, 0.32),
(10174, 91, 11, 2, 0.4, 0.8, 0.32),
(10175, 91, 11, 3, 0.4, 0.8, 0.32),
(10176, 91, 11, 4, 0.4, 0.8, 0.32),
(10177, 92, 1, 1, 0.2, 1, 0.2),
(10178, 92, 1, 2, 0.2, 1, 0.2),
(10179, 92, 1, 3, 0.2, 1, 0.2),
(10180, 92, 1, 4, 0.2, 1, 0.2),
(10181, 92, 3, 1, 0.4, 0.6, 0.24),
(10182, 92, 3, 2, 0.4, 0.6, 0.24),
(10183, 92, 3, 3, 0.4, 0.6, 0.24),
(10184, 92, 3, 4, 0.4, 0.6, 0.24),
(10185, 92, 5, 1, 0.4, 1, 0.4),
(10186, 92, 5, 2, 0.4, 1, 0.4),
(10187, 92, 5, 3, 0.4, 1, 0.4),
(10188, 92, 5, 4, 0.4, 1, 0.4),
(10189, 92, 12, 1, 0.8, 0.8, 0.64),
(10190, 92, 12, 2, 0.8, 0.8, 0.64),
(10191, 92, 12, 3, 0.8, 0.8, 0.64),
(10192, 92, 12, 4, 0.8, 0.8, 0.64),
(10193, 92, 15, 4, 0.6, 0.8, 0.48),
(10248, 93, 1, 1, 0.2, 0.6, 0.12),
(10249, 93, 1, 2, 0.2, 0.6, 0.12),
(10250, 93, 1, 3, 0.2, 0.6, 0.12),
(10251, 93, 1, 4, 0.2, 0.6, 0.12),
(10252, 93, 2, 1, 0.2, 0.8, 0.16),
(10253, 93, 2, 2, 0.2, 0.8, 0.16),
(10254, 93, 2, 3, 0.2, 0.8, 0.16),
(10255, 93, 2, 4, 0.2, 0.8, 0.16),
(10256, 93, 3, 1, 0.4, 1, 0.4),
(10257, 93, 3, 2, 0.4, 1, 0.4),
(10258, 93, 3, 3, 0.4, 1, 0.4),
(10259, 93, 3, 4, 0.4, 1, 0.4),
(10260, 93, 5, 1, 0.4, 0.8, 0.32),
(10261, 93, 5, 2, 0.4, 0.8, 0.32),
(10262, 93, 5, 3, 0.4, 0.8, 0.32),
(10263, 93, 5, 4, 0.4, 0.8, 0.32),
(10264, 93, 6, 3, 0.6, 0.6, 0.36),
(10265, 93, 6, 4, 0.6, 0.6, 0.36),
(10266, 94, 1, 1, 0.2, 1, 0.2),
(10267, 94, 1, 2, 0.2, 1, 0.2),
(10268, 94, 1, 3, 0.2, 1, 0.2),
(10269, 94, 1, 4, 0.2, 1, 0.2),
(10270, 94, 5, 1, 0.4, 1, 0.4),
(10271, 94, 5, 2, 0.4, 1, 0.4),
(10272, 94, 5, 3, 0.4, 1, 0.4),
(10273, 94, 5, 4, 0.4, 1, 0.4),
(10274, 94, 6, 3, 0.6, 0.6, 0.36),
(10275, 94, 6, 4, 0.6, 0.6, 0.36),
(10276, 94, 9, 2, 0.4, 0.8, 0.32),
(10277, 94, 10, 1, 0.4, 0.6, 0.24),
(10278, 94, 10, 2, 0.4, 0.6, 0.24),
(10279, 94, 10, 3, 0.4, 0.6, 0.24),
(10280, 94, 10, 4, 0.4, 0.6, 0.24),
(10281, 94, 12, 1, 0.8, 0.8, 0.64),
(10282, 94, 12, 2, 0.8, 0.8, 0.64),
(10283, 94, 12, 3, 0.8, 0.8, 0.64),
(10284, 94, 12, 4, 0.8, 0.8, 0.64),
(10285, 95, 1, 1, 0.2, 1, 0.2),
(10286, 95, 1, 2, 0.2, 1, 0.2),
(10287, 95, 1, 3, 0.2, 1, 0.2),
(10288, 95, 1, 4, 0.2, 1, 0.2),
(10289, 95, 2, 1, 0.2, 0.8, 0.16),
(10290, 95, 2, 2, 0.2, 0.8, 0.16),
(10291, 95, 2, 3, 0.2, 0.8, 0.16),
(10292, 95, 2, 4, 0.2, 0.8, 0.16),
(10293, 95, 5, 1, 0.4, 0.8, 0.32),
(10294, 95, 5, 2, 0.4, 0.8, 0.32),
(10295, 95, 5, 3, 0.4, 0.8, 0.32),
(10296, 95, 5, 4, 0.4, 0.8, 0.32),
(10297, 95, 13, 1, 0.4, 0.8, 0.32),
(10298, 95, 13, 3, 0.4, 0.8, 0.32),
(10299, 95, 13, 4, 0.4, 0.8, 0.32),
(10300, 95, 15, 4, 0.6, 0.4, 0.24),
(10301, 96, 2, 1, 0.2, 1, 0.2),
(10302, 96, 2, 2, 0.2, 1, 0.2),
(10303, 96, 2, 3, 0.2, 1, 0.2),
(10304, 96, 2, 4, 0.2, 1, 0.2),
(10305, 96, 3, 1, 0.4, 0.8, 0.32),
(10306, 96, 3, 2, 0.4, 0.8, 0.32),
(10307, 96, 3, 3, 0.4, 0.8, 0.32),
(10308, 96, 3, 4, 0.4, 0.8, 0.32),
(10309, 96, 5, 1, 0.4, 1, 0.4),
(10310, 96, 5, 2, 0.4, 1, 0.4),
(10311, 96, 5, 3, 0.4, 1, 0.4),
(10312, 96, 5, 4, 0.4, 1, 0.4),
(10313, 96, 7, 3, 0.6, 0.6, 0.36),
(10314, 97, 4, 1, 0.4, 0.6, 0.24),
(10315, 97, 4, 2, 0.4, 0.6, 0.24),
(10316, 97, 4, 3, 0.4, 0.6, 0.24),
(10317, 97, 4, 4, 0.4, 0.6, 0.24),
(10318, 97, 5, 1, 0.4, 1, 0.4),
(10319, 97, 5, 2, 0.4, 1, 0.4),
(10320, 97, 5, 3, 0.4, 1, 0.4),
(10321, 97, 5, 4, 0.4, 1, 0.4),
(10322, 97, 6, 3, 0.6, 0.6, 0.36),
(10323, 97, 6, 4, 0.6, 0.6, 0.36),
(10324, 97, 9, 2, 0.4, 0.8, 0.32),
(10325, 98, 1, 1, 0.2, 0.6, 0.12),
(10326, 98, 1, 2, 0.2, 0.6, 0.12),
(10327, 98, 1, 3, 0.2, 0.6, 0.12),
(10328, 98, 1, 4, 0.2, 0.6, 0.12),
(10329, 98, 2, 1, 0.2, 0.8, 0.16),
(10330, 98, 2, 2, 0.2, 0.8, 0.16),
(10331, 98, 2, 3, 0.2, 0.8, 0.16),
(10332, 98, 2, 4, 0.2, 0.8, 0.16),
(10333, 98, 5, 1, 0.4, 1, 0.4),
(10334, 98, 5, 2, 0.4, 1, 0.4),
(10335, 98, 5, 3, 0.4, 1, 0.4),
(10336, 98, 5, 4, 0.4, 1, 0.4),
(10337, 98, 8, 1, 0.6, 0.8, 0.48),
(10338, 98, 11, 1, 0.4, 0.8, 0.32),
(10339, 98, 11, 2, 0.4, 0.8, 0.32),
(10340, 98, 11, 3, 0.4, 0.8, 0.32),
(10341, 98, 11, 4, 0.4, 0.8, 0.32),
(10342, 99, 1, 1, 0.2, 1, 0.2),
(10343, 99, 1, 2, 0.2, 1, 0.2),
(10344, 99, 1, 3, 0.2, 1, 0.2),
(10345, 99, 1, 4, 0.2, 1, 0.2),
(10346, 99, 3, 1, 0.4, 0.6, 0.24),
(10347, 99, 3, 2, 0.4, 0.6, 0.24),
(10348, 99, 3, 3, 0.4, 0.6, 0.24),
(10349, 99, 3, 4, 0.4, 0.6, 0.24),
(10350, 99, 5, 1, 0.4, 1, 0.4),
(10351, 99, 5, 2, 0.4, 1, 0.4),
(10352, 99, 5, 3, 0.4, 1, 0.4),
(10353, 99, 5, 4, 0.4, 1, 0.4),
(10354, 99, 12, 1, 0.8, 0.8, 0.64),
(10355, 99, 12, 2, 0.8, 0.8, 0.64),
(10356, 99, 12, 3, 0.8, 0.8, 0.64),
(10357, 99, 12, 4, 0.8, 0.8, 0.64),
(10358, 99, 15, 4, 0.6, 0.8, 0.48);

-- --------------------------------------------------------

--
-- Table structure for table `hasil_analisa_pasien`
--

CREATE TABLE `hasil_analisa_pasien` (
  `id_hasil_analisa` int(11) NOT NULL,
  `id_pasien` int(11) NOT NULL,
  `id_penyakit` int(11) NOT NULL,
  `hasil_analisa` double NOT NULL,
  `kepercayaan_cf` double NOT NULL
) ENGINE=InnoDB DEFAULT CHARSET=utf8;

--
-- Dumping data for table `hasil_analisa_pasien`
--

INSERT INTO `hasil_analisa_pasien` (`id_hasil_analisa`, `id_pasien`, `id_penyakit`, `hasil_analisa`, `kepercayaan_cf`) VALUES
(2714, 94, 1, 0.868672, 86.8672),
(2715, 94, 2, 0.91069696, 91.0697),
(2716, 94, 3, 0.91595008, 91.595),
(2717, 94, 4, 0.91595008, 91.595),
(2718, 95, 1, 0.6892672, 68.9267),
(2719, 95, 2, 0.54304, 54.304),
(2720, 95, 3, 0.6892672, 68.9267),
(2721, 95, 4, 0.763843072, 76.3843),
(2722, 96, 1, 0.6736, 67.36),
(2723, 96, 2, 0.6736, 67.36),
(2724, 96, 3, 0.791104, 79.1104),
(2725, 96, 4, 0.6736, 67.36),
(2726, 97, 2, 0.68992, 68.992),
(2727, 97, 3, 0.70816, 70.816),
(2728, 97, 4, 0.70816, 70.816),
(2729, 98, 1, 0.843171328, 84.3171),
(2730, 98, 2, 0.6984064, 69.8406),
(2731, 98, 3, 0.6984064, 69.8406),
(2732, 98, 4, 0.6984064, 69.8406),
(2733, 99, 1, 0.868672, 86.8672),
(2734, 99, 2, 0.868672, 86.8672),
(2735, 99, 3, 0.868672, 86.8672),
(2736, 99, 4, 0.93170944, 93.1709);

-- --------------------------------------------------------

--
-- Table structure for table `pasien_konsultasi`
--

CREATE TABLE `pasien_konsultasi` (
  `id_pasien` int(11) NOT NULL,
  `kode_pasien` int(11) NOT NULL,
  `nama_pasien` varchar(50) NOT NULL,
  `jenis_kelamin` enum('L','P') NOT NULL,
  `alamat` text NOT NULL,
  `no_telp` varchar(15) NOT NULL,
  `tanggal_konsultasi` datetime NOT NULL ON UPDATE CURRENT_TIMESTAMP
) ENGINE=InnoDB DEFAULT CHARSET=utf8;

--
-- Dumping data for table `pasien_konsultasi`
--

INSERT INTO `pasien_konsultasi` (`id_pasien`, `kode_pasien`, `nama_pasien`, `jenis_kelamin`, `alamat`, `no_telp`, `tanggal_konsultasi`) VALUES
(94, 617185250, 'Renaldi', 'L', 'Manado', '081354818929', '2022-07-07 12:12:43'),
(95, 496362150, 'William', 'L', 'Sea', '081354818929', '2022-07-07 12:14:27'),
(96, 458298302, 'Nadia', 'P', 'Kombos', '081354818929', '2022-07-07 12:20:52'),
(97, 1868510300, 'Edward', 'L', 'Langowan', '081354818929', '2022-07-07 12:22:01'),
(98, 887022902, 'Gabriella', 'P', 'Tomohon', '081354818929', '2022-07-07 12:26:07'),
(99, 688263040, 'Indra', 'L', 'Sindulang', '081354818929', '2022-07-07 12:27:43');

-- --------------------------------------------------------

--
-- Table structure for table `penyakit`
--

CREATE TABLE `penyakit` (
  `id_penyakit` int(11) NOT NULL,
  `kode_penyakit` varchar(5) NOT NULL,
  `nama_penyakit` varchar(50) NOT NULL,
  `keterangan_penyakit` text NOT NULL
) ENGINE=InnoDB DEFAULT CHARSET=utf8;

--
-- Dumping data for table `penyakit`
--

INSERT INTO `penyakit` (`id_penyakit`, `kode_penyakit`, `nama_penyakit`, `keterangan_penyakit`) VALUES
(1, 'P1', 'Sinusitis Maksilaris', 'Sinus yang paling besar dan berada di atas atau di sekitar pipi'),
(2, 'P2', 'Sinusitis Frontalis', 'Sinus yang terletak di dahi bagian tengah'),
(3, 'P3', 'Sinusitis Etmoidalis', 'Sinus yang terletak di belakang mata'),
(4, 'P4', 'Sinusitis Sphenoidalis', 'Sinus yang terletak di belakang hidung');

-- --------------------------------------------------------

--
-- Table structure for table `user`
--

CREATE TABLE `user` (
  `id` int(11) NOT NULL,
  `name` varchar(50) NOT NULL,
  `username` varchar(20) NOT NULL,
  `password` varchar(256) NOT NULL,
  `image` varchar(100) NOT NULL
) ENGINE=InnoDB DEFAULT CHARSET=utf8;

--
-- Dumping data for table `user`
--

INSERT INTO `user` (`id`, `name`, `username`, `password`, `image`) VALUES
(1, 'Stevanus William Salmon', 'admin', '$2y$10$2i5aw.MciOUu3Vfr//9m4OFhsspMjO3UAzH7tGX2DE0nqFaGsD/Ze', 'default.jpg');

--
-- Indexes for dumped tables
--

--
-- Indexes for table `basis_pengetahuan`
--
ALTER TABLE `basis_pengetahuan`
  ADD PRIMARY KEY (`id_basis_pengetahuan`);

--
-- Indexes for table `gejala`
--
ALTER TABLE `gejala`
  ADD PRIMARY KEY (`id_gejala`);

--
-- Indexes for table `gejala_pasien`
--
ALTER TABLE `gejala_pasien`
  ADD PRIMARY KEY (`id_gejala_pasien`);

--
-- Indexes for table `hasil_analisa_pasien`
--
ALTER TABLE `hasil_analisa_pasien`
  ADD PRIMARY KEY (`id_hasil_analisa`);

--
-- Indexes for table `pasien_konsultasi`
--
ALTER TABLE `pasien_konsultasi`
  ADD PRIMARY KEY (`id_pasien`);

--
-- Indexes for table `penyakit`
--
ALTER TABLE `penyakit`
  ADD PRIMARY KEY (`id_penyakit`);

--
-- Indexes for table `user`
--
ALTER TABLE `user`
  ADD PRIMARY KEY (`id`);

--
-- AUTO_INCREMENT for dumped tables
--

--
-- AUTO_INCREMENT for table `basis_pengetahuan`
--
ALTER TABLE `basis_pengetahuan`
  MODIFY `id_basis_pengetahuan` int(11) NOT NULL AUTO_INCREMENT, AUTO_INCREMENT=45;

--
-- AUTO_INCREMENT for table `gejala`
--
ALTER TABLE `gejala`
  MODIFY `id_gejala` int(11) NOT NULL AUTO_INCREMENT, AUTO_INCREMENT=16;

--
-- AUTO_INCREMENT for table `gejala_pasien`
--
ALTER TABLE `gejala_pasien`
  MODIFY `id_gejala_pasien` int(11) NOT NULL AUTO_INCREMENT, AUTO_INCREMENT=10359;

--
-- AUTO_INCREMENT for table `hasil_analisa_pasien`
--
ALTER TABLE `hasil_analisa_pasien`
  MODIFY `id_hasil_analisa` int(11) NOT NULL AUTO_INCREMENT, AUTO_INCREMENT=2737;

--
-- AUTO_INCREMENT for table `pasien_konsultasi`
--
ALTER TABLE `pasien_konsultasi`
  MODIFY `id_pasien` int(11) NOT NULL AUTO_INCREMENT, AUTO_INCREMENT=100;

--
-- AUTO_INCREMENT for table `penyakit`
--
ALTER TABLE `penyakit`
  MODIFY `id_penyakit` int(11) NOT NULL AUTO_INCREMENT, AUTO_INCREMENT=5;

--
-- AUTO_INCREMENT for table `user`
--
ALTER TABLE `user`
  MODIFY `id` int(11) NOT NULL AUTO_INCREMENT, AUTO_INCREMENT=2;
COMMIT;

/*!40101 SET CHARACTER_SET_CLIENT=@OLD_CHARACTER_SET_CLIENT */;
/*!40101 SET CHARACTER_SET_RESULTS=@OLD_CHARACTER_SET_RESULTS */;
/*!40101 SET COLLATION_CONNECTION=@OLD_COLLATION_CONNECTION */;
